arquivo,similaridade,gabarito
Captura de Tela 2026-09-23 às 15.46.57.png,1.000000,esta
IMG_3530.JPG,0.912300,esta
IMG_3532.JPG,0.760600,esta
IMG_3742.JPG,0.721900,esta
IMG_3654.JPG,0.688100,esta
IMG_3744.JPG,0.671000,esta
IMG_3644.JPG,0.666700,esta
IMG_3604.JPG,0.658900,esta
IMG_3637.JPG,0.628200,esta
IMG_3652.JPG,0.527200,esta
IMG_3557.JPG,0.523200,esta
IMG_3726.JPG,0.520900,esta
IMG_3635.JPG,0.495100,esta
IMG_3608.JPG,0.467400,esta
IMG_3022.JPG,0.448800,nao_esta
IMG_3647.JPG,0.418300,nao_esta
IMG_3610.JPG,0.403700,esta
IMG_3648.JPG,0.402400,nao_esta
IMG_3023.JPG,0.399300,nao_esta
IMG_3702.JPG,0.384300,esta
IMG_3020.JPG,0.373500,nao_esta
IMG_3609.JPG,0.371600,esta
IMG_3141.JPG,0.365700,nao_esta
IMG_3704.JPG,0.357700,rosto_errado
IMG_3228.JPG,0.356200,nao_esta
IMG_3102.JPG,0.339400,nao_esta
IMG_3146.JPG,0.337100,nao_esta
IMG_3649.JPG,0.336300,nao_esta
IMG_3174.JPG,0.327800,nao_esta
IMG_3064.JPG,0.323200,nao_esta
IMG_3721.JPG,0.317700,esta
IMG_1128.JPG,0.311300,nao_esta
IMG_3750.JPG,0.308000,nao_esta
IMG_3150.JPG,0.303800,nao_esta
IMG_3728.JPG,0.299300,nao_esta
IMG_3216.JPG,0.292400,nao_esta
IMG_3748.JPG,0.292000,nao_esta
IMG_3569.JPG,0.284600,nao_esta
IMG_3544.JPG,0.284100,nao_esta
IMG_3179.JPG,0.279200,nao_esta
IMG_3017.JPG,0.276800,nao_esta
IMG_3151.JPG,0.274500,nao_esta
IMG_3128.JPG,0.269800,nao_esta
IMG_3701.JPG,0.264200,esta
IMG_3016.JPG,0.263800,nao_esta
IMG_3006.JPG,0.263600,nao_esta
IMG_3084.JPG,0.262400,nao_esta
IMG_3752.JPG,0.261300,nao_esta
IMG_3660.JPG,0.257200,nao_esta
IMG_3566.JPG,0.256000,nao_esta
IMG_3543.JPG,0.254900,nao_esta
IMG_3019.JPG,0.254400,nao_esta
IMG_3699.JPG,0.253700,esta
IMG_3527.JPG,0.251000,nao_esta
IMG_3734.JPG,0.243900,nao_esta
IMG_3103.JPG,0.242900,nao_esta
IMG_3221.JPG,0.242400,nao_esta
IMG_3211.JPG,0.240300,nao_esta
IMG_3014.JPG,0.239000,nao_esta
IMG_3553.JPG,0.237400,nao_esta
IMG_3007.JPG,0.237000,nao_esta
IMG_3747.JPG,0.234200,nao_esta
IMG_3620.JPG,0.233200,nao_esta
IMG_3113.JPG,0.232100,nao_esta
IMG_3140.JPG,0.231500,nao_esta
IMG_3745.JPG,0.230200,nao_esta
IMG_3683.JPG,0.229600,nao_esta
IMG_3164.JPG,0.229300,nao_esta
IMG_3104.JPG,0.228500,nao_esta
IMG_3224.JPG,0.228500,nao_esta
IMG_3226.JPG,0.228200,nao_esta
IMG_3003.JPG,0.227900,nao_esta
IMG_3733.JPG,0.224200,nao_esta
IMG_3050.JPG,0.223400,nao_esta
IMG_3571.JPG,0.220000,esta
IMG_3062.JPG,0.219500,nao_esta
IMG_3555.JPG,0.219400,nao_esta
IMG_3101.JPG,0.218500,nao_esta
IMG_3662.JPG,0.215900,nao_esta
IMG_3209.JPG,0.215700,nao_esta
IMG_3577.JPG,0.214400,nao_esta
IMG_3220.JPG,0.213100,nao_esta
IMG_2997.JPG,0.212600,nao_esta
IMG_3656.JPG,0.209800,nao_esta
IMG_3725.JPG,0.209600,nao_esta
IMG_2993.JPG,0.206500,nao_esta
IMG_3621.JPG,0.206400,nao_esta
IMG_2998.JPG,0.205100,nao_esta
IMG_3131.JPG,0.205100,nao_esta
IMG_3698.JPG,0.204700,rosto_errado
IMG_2999.JPG,0.204200,nao_esta
IMG_3549.JPG,0.203700,nao_esta
IMG_2992.JPG,0.203300,nao_esta
IMG_3529.JPG,0.203100,nao_esta
IMG_2983.JPG,0.198000,nao_esta
IMG_3542.JPG,0.196000,nao_esta
IMG_3086.JPG,0.195500,nao_esta
IMG_3105.JPG,0.194700,nao_esta
IMG_3087.JPG,0.194100,nao_esta
IMG_3025.JPG,0.193800,nao_esta
IMG_3684.JPG,0.192700,rosto_errado
IMG_3000.JPG,0.192500,nao_esta
IMG_3085.JPG,0.190500,nao_esta
IMG_3091.JPG,0.190000,nao_esta
IMG_3539.JPG,0.189300,nao_esta
IMG_3001.JPG,0.188700,nao_esta
IMG_3754.JPG,0.187000,nao_esta
IMG_3024.JPG,0.186500,nao_esta
IMG_3153.JPG,0.186200,nao_esta
IMG_3613.JPG,0.185900,nao_esta
IMG_3213.JPG,0.185700,nao_esta
IMG_3126.JPG,0.184500,nao_esta
IMG_3601.JPG,0.183000,nao_esta
IMG_3678.JPG,0.182800,nao_esta
IMG_3191.JPG,0.181100,nao_esta
IMG_3057.JPG,0.179800,nao_esta
IMG_3143.JPG,0.178600,nao_esta
IMG_3536.JPG,0.178500,nao_esta
IMG_3535.JPG,0.178100,nao_esta
IMG_3731.JPG,0.176300,nao_esta
IMG_3040.JPG,0.175900,nao_esta
IMG_3138.JPG,0.175400,nao_esta
IMG_3120.JPG,0.175300,nao_esta
IMG_3015.JPG,0.174100,nao_esta
IMG_3558.JPG,0.172500,nao_esta
IMG_3690.JPG,0.172400,rosto_errado
IMG_3746.JPG,0.172200,nao_esta
IMG_2996.JPG,0.171200,nao_esta
IMG_3717.JPG,0.170900,rosto_errado
IMG_3540.JPG,0.169900,nao_esta
IMG_3550.JPG,0.169000,nao_esta
IMG_3027.JPG,0.168900,nao_esta
IMG_3056.JPG,0.167800,nao_esta
IMG_3236.JPG,0.167600,nao_esta
IMG_3686.JPG,0.165100,esta
IMG_3618.JPG,0.165000,rosto_errado
IMG_3144.JPG,0.164800,nao_esta
IMG_3004.JPG,0.163300,nao_esta
IMG_3679.JPG,0.163300,rosto_errado
IMG_3052.JPG,0.162500,nao_esta
IMG_3166.JPG,0.162400,nao_esta
IMG_3534.JPG,0.161100,nao_esta
IMG_3719.JPG,0.160600,nao_esta
IMG_3181.JPG,0.160500,nao_esta
IMG_3545.JPG,0.159300,nao_esta
IMG_3606.JPG,0.158300,rosto_errado
IMG_3561.JPG,0.158000,nao_esta
IMG_2985.JPG,0.157700,nao_esta
IMG_3589.JPG,0.157200,nao_esta
IMG_3694.JPG,0.156100,rosto_errado
IMG_2984.JPG,0.156000,nao_esta
IMG_3082.JPG,0.155900,nao_esta
IMG_3538.JPG,0.155800,nao_esta
IMG_3696.JPG,0.155500,esta
IMG_3012.JPG,0.154600,nao_esta
IMG_3206.JPG,0.153300,nao_esta
IMG_3002.JPG,0.152500,nao_esta
IMG_3537.JPG,0.151800,nao_esta
IMG_3533.JPG,0.151300,nao_esta
IMG_3594.JPG,0.150900,nao_esta
IMG_3756.JPG,0.150800,nao_esta
IMG_3682.JPG,0.150300,esta
IMG_3575.JPG,0.149900,nao_esta
IMG_3106.JPG,0.148700,nao_esta
IMG_3013.JPG,0.148400,nao_esta
IMG_3028.JPG,0.147500,nao_esta
IMG_3099.JPG,0.147200,nao_esta
IMG_3551.JPG,0.146900,nao_esta
IMG_3640.JPG,0.146300,esta
IMG_3755.JPG,0.146100,nao_esta
IMG_3094.JPG,0.145900,nao_esta
IMG_3008.JPG,0.145000,nao_esta
IMG_3233.JPG,0.145000,nao_esta
IMG_3676.JPG,0.145000,rosto_errado
IMG_1130.JPG,0.143100,nao_esta
IMG_3080.JPG,0.142900,nao_esta
IMG_3671.JPG,0.141900,rosto_errado
IMG_3622.JPG,0.141500,nao_esta
IMG_3547.JPG,0.140700,nao_esta
IMG_3018.JPG,0.140600,nao_esta
IMG_3700.JPG,0.140400,nao_esta
IMG_3583.JPG,0.140000,nao_esta
IMG_3552.JPG,0.138900,nao_esta
IMG_3602.JPG,0.138900,esta
IMG_3605.JPG,0.138000,esta
IMG_3526.JPG,0.135700,nao_esta
IMG_3088.JPG,0.135100,nao_esta
IMG_3548.JPG,0.134300,nao_esta
IMG_3183.JPG,0.134200,nao_esta
IMG_3666.JPG,0.134100,nao_esta
IMG_3078.JPG,0.133500,nao_esta
IMG_2989.JPG,0.131300,nao_esta
IMG_3074.JPG,0.131200,nao_esta
IMG_3115.JPG,0.131000,nao_esta
IMG_3667.JPG,0.130000,nao_esta
IMG_3669.JPG,0.127600,nao_esta
IMG_3136.JPG,0.126900,nao_esta
IMG_2988.JPG,0.126400,nao_esta
IMG_3235.JPG,0.125900,nao_esta
IMG_3124.JPG,0.125200,nao_esta
IMG_3043.JPG,0.124500,nao_esta
IMG_3546.JPG,0.124300,nao_esta
IMG_3109.JPG,0.124100,nao_esta
IMG_3011.JPG,0.123300,nao_esta
IMG_3232.JPG,0.121200,nao_esta
IMG_3167.JPG,0.120900,nao_esta
IMG_3674.JPG,0.120100,rosto_errado
IMG_1129.JPG,0.118100,nao_esta
IMG_3009.JPG,0.117500,nao_esta
IMG_3190.JPG,0.117200,nao_esta
IMG_3055.JPG,0.115600,nao_esta
IMG_3149.JPG,0.115400,nao_esta
IMG_3593.JPG,0.115300,nao_esta
IMG_3199.JPG,0.114000,nao_esta
IMG_3077.JPG,0.113900,nao_esta
IMG_3173.JPG,0.113600,nao_esta
IMG_3129.JPG,0.112700,nao_esta
IMG_3223.JPG,0.112700,nao_esta
IMG_3672.JPG,0.111800,rosto_errado
IMG_3130.JPG,0.111700,nao_esta
IMG_3189.JPG,0.110600,nao_esta
IMG_3579.JPG,0.109400,nao_esta
IMG_3118.JPG,0.108100,nao_esta
IMG_3737.JPG,0.105900,nao_esta
IMG_3703.JPG,0.105300,nao_esta
IMG_3148.JPG,0.105100,nao_esta
IMG_3021.JPG,0.104600,nao_esta
IMG_3214.JPG,0.104400,nao_esta
IMG_3155.JPG,0.103400,nao_esta
IMG_3132.JPG,0.103100,nao_esta
IMG_3584.JPG,0.103000,nao_esta
IMG_3079.JPG,0.102700,nao_esta
IMG_3165.JPG,0.102200,nao_esta
IMG_3042.JPG,0.101000,nao_esta
IMG_3188.JPG,0.100800,nao_esta
IMG_3182.JPG,0.100600,nao_esta
IMG_3716.JPG,0.100000,nao_esta
IMG_3722.JPG,0.098900,rosto_errado
IMG_3010.JPG,0.098500,nao_esta
IMG_3599.JPG,0.097900,nao_esta
IMG_3626.JPG,0.097800,nao_esta
IMG_3677.JPG,0.097300,rosto_errado
IMG_3163.JPG,0.097100,nao_esta
IMG_3627.JPG,0.097100,nao_esta
IMG_3201.JPG,0.096500,nao_esta
IMG_3611.JPG,0.095600,nao_esta
IMG_3162.JPG,0.094900,nao_esta
IMG_3629.JPG,0.093600,nao_esta
IMG_3169.JPG,0.092700,nao_esta
man-with-his-arms-crossed.jpg,0.091800,nao_esta
IMG_3005.JPG,0.091600,nao_esta
IMG_3607.JPG,0.090800,nao_esta
IMG_3590.JPG,0.090000,nao_esta
IMG_3175.JPG,0.089800,nao_esta
IMG_3041.JPG,0.089400,nao_esta
IMG_3615.JPG,0.088300,nao_esta
IMG_3641.JPG,0.087300,nao_esta
IMG_3107.JPG,0.085300,nao_esta
IMG_3108.JPG,0.084700,nao_esta
IMG_3692.JPG,0.084200,rosto_errado
IMG_3586.JPG,0.084000,nao_esta
IMG_3125.JPG,0.082900,nao_esta
IMG_3592.JPG,0.082800,nao_esta
IMG_3650.JPG,0.082100,rosto_errado
IMG_3658.JPG,0.081500,nao_esta
IMG_3172.JPG,0.081400,nao_esta
IMG_3045.JPG,0.081100,nao_esta
IMG_3749.JPG,0.081100,nao_esta
IMG_3089.JPG,0.081000,nao_esta
IMG_3574.JPG,0.080500,nao_esta
IMG_3186.JPG,0.080200,nao_esta
IMG_3178.JPG,0.079300,nao_esta
IMG_3619.JPG,0.079200,nao_esta
IMG_3670.JPG,0.078600,nao_esta
IMG_3582.JPG,0.078000,nao_esta
IMG_3713.JPG,0.077800,rosto_errado
IMG_3663.JPG,0.076700,nao_esta
IMG_3664.JPG,0.076000,nao_esta
IMG_3697.JPG,0.075500,rosto_errado
IMG_3121.JPG,0.075100,nao_esta
IMG_3048.JPG,0.074700,nao_esta
IMG_3093.JPG,0.073100,nao_esta
IMG_3706.JPG,0.072600,esta
IMG_3161.JPG,0.071100,nao_esta
IMG_3691.JPG,0.070900,esta
IMG_3061.JPG,0.070700,nao_esta
IMG_3693.JPG,0.068400,rosto_errado
IMG_3110.JPG,0.068200,nao_esta
IMG_3159.JPG,0.067900,nao_esta
IMG_3122.JPG,0.067800,nao_esta
IMG_3689.JPG,0.067700,rosto_errado
IMG_3541.JPG,0.067300,nao_esta
IMG_3114.JPG,0.067100,nao_esta
IMG_3047.JPG,0.067000,nao_esta
IMG_3580.JPG,0.066800,nao_esta
IMG_3119.JPG,0.066600,nao_esta
IMG_3154.JPG,0.065900,nao_esta
IMG_3646.JPG,0.065900,nao_esta
IMG_3668.JPG,0.065200,nao_esta
IMG_3157.JPG,0.064900,nao_esta
IMG_3054.JPG,0.064500,nao_esta
IMG_3176.JPG,0.064200,nao_esta
IMG_3069.JPG,0.063100,nao_esta
IMG_3185.JPG,0.062700,nao_esta
IMG_3675.JPG,0.062600,nao_esta
IMG_3065.JPG,0.062500,nao_esta
IMG_2995.JPG,0.062100,nao_esta
IMG_3160.JPG,0.062100,nao_esta
IMG_3715.JPG,0.062100,rosto_errado
IMG_3100.JPG,0.061400,nao_esta
IMG_3614.JPG,0.061200,nao_esta
IMG_3096.JPG,0.060700,nao_esta
IMG_3625.JPG,0.060600,nao_esta
IMG_3184.JPG,0.058800,nao_esta
IMG_3049.JPG,0.058400,nao_esta
IMG_3707.JPG,0.058400,nao_esta
IMG_3081.JPG,0.058300,nao_esta
IMG_3695.JPG,0.058000,rosto_errado
IMG_3723.JPG,0.057900,rosto_errado
IMG_3117.JPG,0.057500,nao_esta
IMG_3071.JPG,0.057000,nao_esta
IMG_3597.JPG,0.057000,nao_esta
IMG_3076.JPG,0.056500,nao_esta
IMG_3585.JPG,0.056400,nao_esta
IMG_3598.JPG,0.055700,nao_esta
IMG_3123.JPG,0.055600,nao_esta
IMG_3712.JPG,0.055600,nao_esta
IMG_3051.JPG,0.055400,nao_esta
IMG_3134.JPG,0.055300,nao_esta
IMG_3630.JPG,0.055200,nao_esta
IMG_3068.JPG,0.054900,nao_esta
IMG_3624.JPG,0.054900,nao_esta
IMG_3612.JPG,0.054800,nao_esta
IMG_3137.JPG,0.054600,nao_esta
IMG_3170.JPG,0.054600,nao_esta
IMG_3642.JPG,0.054600,nao_esta
IMG_3709.JPG,0.054500,rosto_errado
IMG_3657.JPG,0.054400,nao_esta
IMG_3097.JPG,0.053900,nao_esta
IMG_3616.JPG,0.053900,nao_esta
IMG_3708.JPG,0.053000,esta
IMG_3112.JPG,0.052700,nao_esta
IMG_3053.JPG,0.052100,nao_esta
IMG_3133.JPG,0.051700,nao_esta
IMG_3177.JPG,0.051600,nao_esta
IMG_3180.JPG,0.051200,nao_esta
IMG_3168.JPG,0.051100,nao_esta
IMG_3673.JPG,0.051100,rosto_errado
IMG_3111.JPG,0.050800,nao_esta
IMG_3142.JPG,0.050300,nao_esta
IMG_3152.JPG,0.050200,nao_esta
IMG_3058.JPG,0.049700,nao_esta
IMG_3632.JPG,0.049700,nao_esta
IMG_3158.JPG,0.049500,nao_esta
IMG_3591.JPG,0.049300,nao_esta
IMG_3135.JPG,0.049100,nao_esta
IMG_3073.JPG,0.048900,nao_esta
IMG_3631.JPG,0.048200,nao_esta
IMG_3156.JPG,0.047900,nao_esta
IMG_3711.JPG,0.047400,rosto_errado
IMG_3639.JPG,0.046700,nao_esta
IMG_3617.JPG,0.046200,nao_esta
IMG_3659.JPG,0.046200,nao_esta
IMG_3059.JPG,0.046100,nao_esta
IMG_3578.JPG,0.045500,nao_esta
IMG_3070.JPG,0.045000,nao_esta
IMG_3171.JPG,0.044700,nao_esta
IMG_3581.JPG,0.044700,nao_esta
IMG_3628.JPG,0.044500,nao_esta
IMG_3634.JPG,0.042000,nao_esta
IMG_3067.JPG,0.041400,nao_esta
IMG_3037.JPG,0.039800,nao_esta
lifestyle-people-emotions-casual-concept-confident-nice-smiling-asian-woman-cross-arms-chest-confident-ready-help-listening-coworkers-taking-part-conversation.jpg,0.038400,nao_esta
IMG_3638.JPG,0.037300,nao_esta
IMG_3600.JPG,0.036600,nao_esta
IMG_3655.JPG,0.030500,nao_esta
IMG_3563.JPG,0.027600,nao_esta
handsome-young-african-american-with-khaki-tshirt.jpg,0.026600,nao_esta
IMG_3196.JPG,0.010000,nao_esta
IMG_3736.JPG,-0.044300,nao_esta
